up_id,uname,fans,tid_gen,tid_sub,space_url,first_charge_date,days_since,charge_video_cnt,gmv,avg_daily_gmv,vv,ecpvv,charge_users,cvr,on_board,summary
11471314,一只摸鱼的炸毛怪,12096,影视,影视剪辑,https://space.bilibili.com/11471314,2026-05-05,15,1,52171.0,1739.03,113010,461.65,2072,1.83,1,古装家庭教育题材剪辑，聚焦传统士族家庭中舅舅对外甥的严厉管教场景。内容围绕晚辈因心术不正、投机取巧而遭受训诫，强调传统君子风骨的教育理念，呈现长辈通过言辞斥责纠正晚辈品行的过程。
1219869445,nara治愈,411675,生活,其他,https://space.bilibili.com/1219869445,2026-05-13,7,83,43900.0,1463.33,319591,137.36,1517,0.47,1,①ASMR助眠内容为核心，包含耳语、掏耳、轻声闲聊等经典助眠形式；②丰富的声音触发素材，涵盖咀嚼音（糖果、蜂巢蜜）、敲击音（屏幕、指甲）、梳麦、心跳声等多样化听觉体验；③角色扮演情景剧特色突出，从温柔朋友系日常护理到鸡尾酒吧、魔法师、化石发掘等沉浸式场景，营造陪伴治愈氛围
617213164,飞奔啊蜗牛,588692,影视,影视杂谈,https://space.bilibili.com/617213164,2026-05-08,12,1,43632.0,1454.4,223495,195.23,1522,0.68,1,"《甄嬛传》深度解读系列，采用""放大镜""式分析手法，通过挖掘历史批示、奏折等细节，解读雍正与年羹尧、隆科多等权臣之间的微妙博弈与命运走向。陪伴式讲解风格，带观众重刷经典剧集，发现剧情背后隐藏的权谋逻辑与人物宿命循环。"
3691011427535033,沐颜漫剧,3743,生活,日常,https://space.bilibili.com/3691011427535033,2026-04-29,21,7,41142.0,1371.4,199715,206.0,1561,0.78,1,①专注双女主原创漫剧创作，内容垂直度高；②题材横跨古风宫廷与现代都市，古风剧集中呈现皇宫权谋、重生复仇等设定；③情感线丰富多元，涵盖双向暗恋、追妻火葬场、甜宠日常等不同情感向剧情，满足女性向受众的多样化观剧需求。
3546587185809557,蜀犬吠日SCFR,291270,生活,出行,https://space.bilibili.com/3546587185809557,2026-04-27,23,1,38121.0,1270.7,381784,99.85,2187,0.57,1,小众地理目的地深度旅行vlog，聚焦非主流旅游地的长线慢游体验。以十二天特内里费岛之旅为例，内容涵盖雪山熔岩地貌、云海森林等自然奇观探索，穿插废弃建筑、特色小镇等人文猎奇，兼顾租车自驾、当地美食等生活化细节。记录风格真实随性，包含旅途中的突发状况，呈现完整的旅行过程而非景点打卡。
488978908,异世界情绪,346291,音乐,翻唱,https://space.bilibili.com/488978908,2026-05-05,15,2,32214.0,1073.8,19463,1655.14,138,0.71,1,音乐翻唱类UP主，本月上传了「2DAYS LIVE」连续两天专场演唱会录像，分别以「Flower Closet」和「Anima Re:birth」为主题呈现不同风格的现场演出，展现完整的live舞台表演氛围。
3690987610179738,shipX厂牌,16233,娱乐,综艺,https://space.bilibili.com/3690987610179738,2026-05-06,14,58,31704.0,1056.8,129009,245.75,1287,1.0,1,"①自制全女真人秀综艺《你是我心选的她》的完整内容矩阵，涵盖正片更新、主创回看反应、幕后加更及吃瓜花絮；②围绕女性参与者的互动相处、搭档选择与情感交流，穿插表演考核、试镜环节；③衍生""心选""系列聚焦特定CP的高甜互动片段，打造橘里橘气的氛围感内容"
3494372498737418,老狗的基妙冒险,3978,娱乐,明星综合,https://space.bilibili.com/3494372498737418,2026-04-28,22,25,29661.0,988.7,184671,160.62,1112,0.6,1,"专注欧美腐剧""黑契""第二季的连载式剪辑，按集数顺序追更，用""看上了""""亲上了""""求婚了""等直白标题概括每集CP互动重点，完整追踪从心动到婚礼的感情发展线，偶尔穿插衍生剧内容丰富剧情世界观。"
3546965084211980,X音素评委总账号,1325,音乐,乐评盘点,https://space.bilibili.com/3546965084211980,2026-04-28,22,147,27727.0,924.23,235545,117.71,1484,0.63,1,①专业声乐技术点评系列，从国外声乐老师视角分析华语及韩日歌手的发声方式、声带运用、混声技巧等演唱细节；②覆盖流行、美声、音乐剧等多元曲风，既有现场演唱会也有音乐节目舞台的即兴reaction；③强调客观评价原则，注重声音松弛度、高位置共鸣、气息支撑等专业维度的剖析
3546652233173243,裘家大小姐,6717,影视,影视剪辑,https://space.bilibili.com/3546652233173243,2026-04-22,28,38,19078.0,635.93,121053,157.6,721,0.6,1,"①""生怀流""题材影视剪辑创作者，以男性孕产为核心设定，围绕怀孕、分娩及养育过程展开情感叙事；②覆盖现代都市、古装宫廷、科幻未来等多元世界观，主打情侣/伴侣间的虐恋情深与守护陪伴；③擅长营造戏剧冲突（误会分离、身份悬殊、生死考验），通过孕期困境强化角色羁绊，整体风格偏向情感向剧情剪辑"
13580872,伟大的暧昧期_MIKA,1841,影视,小剧场,https://space.bilibili.com/13580872,2026-05-12,8,9,17278.0,575.93,37380,462.23,657,1.76,1,"①AI生成的霸总言情短剧系列，主打""先婚后爱""契约婚姻设定，围绕冷面总裁与女主从互相试探到情感升温的甜虐拉扯；②着重呈现占有欲、吃醋吃醋、强势宠溺等霸总人设戏码，配合雪山、办公室、拍卖会等多场景激吻名场面；③节奏紧凑，下料劲爆，主打高浓度氛围感和情绪价值输出"
3546650916161652,檀阳TanYang,22233,影视,影视杂谈,https://space.bilibili.com/3546650916161652,2026-04-29,21,12,16306.0,543.53,39598,411.79,610,1.54,1,①元神觉醒理论科普，系统讲解元神分类、天道鬼道出身、人生使命等玄学知识体系；②个人通灵觉醒经历记录，分享从被封印到灵力恢复的真实过程；③提供元辰宫冥想、财富显化等实操引导音频，结合高维能量调整的付费级内容
3537117600811734,币圈汪he李,1112,知识,财经商业,https://space.bilibili.com/3537117600811734,2026-05-06,14,6,15180.0,506.0,6946,2185.43,134,1.93,1,①专注比特币、以太坊行情分析与操作建议，每日解读K线走势、支撑阻力位及多空博弈策略；②周末推出深度特供内容，解读加密货币宏观趋势、政策法案影响及美联储动向；③强调实战指导性，会直接给出具体入场点位、止盈止损建议，并在社群同步交易思路。
3494357246151610,炸薯片的大土豆,7359,影视,影视剪辑,https://space.bilibili.com/3494357246151610,2026-05-04,16,9,14647.0,488.23,48144,304.23,401,0.83,1,①专注忘羡CP向二创剪辑，将原作影视素材重新编排为网文风格的故事线；②涵盖重生、穿书、系统文、ABO等热门同人题材，多强调双洁HE设定；③内容兼具古风仙侠底色与现代网文叙事逻辑，侧重情感救赎和虐恋甜宠元素。
1175437650,榆木脑壳一原创,2586,影视,影视剪辑,https://space.bilibili.com/1175437650,2026-05-15,5,10,14423.0,480.77,47413,304.2,552,1.16,1,①AI漫剧形式呈现的现代都市双男主爱情故事，聚焦《同谋心动》IP内容创作；②围绕凌霄、景辰等角色的情感发展，展现从相识、试探到确认关系的甜蜜互动；③擅长情感细节刻画，通过日常约会、游乐场、旅行等场景营造浪漫氛围，强调陪伴与守护主题
1836747262,劳拉的枕头,376870,生活,日常,https://space.bilibili.com/1836747262,2026-05-17,3,1,13329.0,444.3,63189,210.94,493,0.78,1,专注ASMR助眠内容创作，以化妆等生活场景为载体，通过角色扮演式的沉浸互动和细腻触发音，为观众营造放松治愈的感官体验，帮助缓解失眠困扰。
3546827328587868,落九乌_原创漫剧,13066,影视,短片,https://space.bilibili.com/3546827328587868,2026-04-25,25,2,12730.0,424.33,95366,133.49,548,0.57,1,①AI原创双男主漫剧《侵舟》系列，融合校园与黑道双重背景设定；②白切黑角色塑造搭配年下情感线，展现身份地位悬殊下的情感挣扎与守护叙事
1934927910,万物周期研究所,20777,生活,日常,https://space.bilibili.com/1934927910,2026-05-11,9,5,12512.0,417.07,14651,854.0,117,0.8,1,"①聚焦半导体产业链投资机会挖掘，深入解读功率半导体、碳化硅、存储芯片等细分赛道的周期逻辑与卡脖子属性；②强调""万物周期""理念，提醒投资者警惕线性思维陷阱，倡导系统性投资方法论而非盲目追热点；③紧跟前沿科技趋势，探讨物理AI等新兴方向的投资价值"
1723514795,汉森影像说,186086,影视,影视杂谈,https://space.bilibili.com/1723514795,2026-05-19,1,1,11641.0,388.03,32621,356.86,749,2.3,1,美剧《无耻之徒》系列深度解说向内容，采用学者式详解风格，聚焦剧集第十季情节分析，通过精选片段呈现剧中人物关系与生活细节，为粉丝提供剧情回顾与角色互动场景的深度解读。
4603556,蒋缺水,19776,生活,绘画,https://space.bilibili.com/4603556,2026-05-09,11,1,10969.0,365.63,207031,52.98,691,0.33,1,国风原创漫画动画化内容，围绕《那个只会养怪物的道友》这一IP进行人物故事解读，通过动画剧场形式呈现角色小传，展现修仙题材中人物养成妖怪的独特设定与角色背景。
3706940653832283,半镜故事,4109,国创,国产原创相关,https://space.bilibili.com/3706940653832283,2026-04-25,25,9,10168.0,338.93,85831,118.47,381,0.44,1,"①校园双男主情感剧情向内容，聚焦大学生之间从暗恋试探到公开恋爱的情感进程；②着重呈现男生间细腻的情感互动，包括告白、吃醋、安慰等高甜场景，强调""蓄谋已久的喜欢""与""明目张胆的偏爱""；③穿插羽毛球社团、冬令营等校园活动背景，塑造一方家境优渥主动守护、一方敏感自卑逐渐被治愈的双向奔赴关系"
4653374,阿郁的小黑猫,232235,生活,其他,https://space.bilibili.com/4653374,2026-04-20,30,8,10087.0,336.23,131071,76.96,380,0.29,1,纯正ASMR助眠内容创作者，专注双耳3D音效触发，通过轻声细语（whispers）、嚼耳音（mouth sounds）、舔耳等多样化声音刺激营造沉浸式放松体验，使用专业收音设备（3dio、领夹麦）呈现高品质立体声效果，风格温柔治愈。
102727119,丢一枚钱币等月儿圆Oo,1879,生活,日常,https://space.bilibili.com/102727119,2026-05-10,10,7,10014.0,333.8,8199,1221.37,59,0.72,1,①A股投资实战教学向内容，专注个股估值分析与持仓策略拆解，深度解读福晶科技、泰坦股份、卓郎智能等热门标的；②围绕市场热点板块（存储、氢氟酸等）快速梳理投资机会，输出可落地的操作建议；③分享盘中技术指标应用与盯盘技巧，帮助投资者建立系统化交易思维
286772081,说散就撒,2667,影视,影视剪辑,https://space.bilibili.com/286772081,2026-04-20,30,17,9876.0,329.2,86823,113.75,380,0.44,1,①古风双男主耽改短剧剪辑，聚焦和亲草原、摄政王×锦衣卫等权谋背景下的情感纠葛，氛围感拉满；②现代霸总追妻生子日常向内容，主打豪门总裁×助理的追妻火葬场到孕期甜宠、带娃温馨的完整情感线；③剪辑风格偏爱情感高光时刻，深夜氛围、久别重逢、极限拉扯等名场面捕捉精准
21741349,虾仁耶YE,40419,国创,国产动画,https://space.bilibili.com/21741349,2026-05-10,10,5,9719.0,323.97,73417,132.38,588,0.8,1,①明代历史权谋题材原创动画《万历黑诏书》连载，以万历年间朝堂政治博弈为背景，通过廷议、海运工程、学派论战等多线叙事展现文武之争与党争格局；②着重刻画士大夫阶层的理想冲突与现实困境，将儒学流派之争、官场人情世故融入剧情推进，呈现明朝中后期复杂的政治生态
3494369550142019,四喵居士没事敷面膜,24580,生活,日常,https://space.bilibili.com/3494369550142019,2026-04-24,26,6,9594.0,319.8,22871,419.48,573,2.51,1,"①电台式口述节目，深度追踪健美博主""常熟阿诺""的日常动态，通过录音分析和线下探访记录其情绪状态与生活细节；②分享邻里间的奇闻轶事，如白事经历、邻居阿姨的迷信故事等生活见闻，内容偏私密化表达"
41001121,Ks与你看欧赔,1057,运动,足球,https://space.bilibili.com/41001121,2026-05-12,8,7,9052.0,301.73,5318,1702.14,40,0.75,1,①足球竞彩实战向内容，聚焦欧赔分析与赛事预测，涵盖早场、晚场等各时段比赛；②定期进行赛事复盘与自我纠错，保持真实的预测反馈；③穿插欧赔理论教学，讲解让球方、赔率分散、场景分析等专业方法论
470453009,Ciallo动漫,31766,生活,搞笑,https://space.bilibili.com/470453009,2026-05-08,12,8,8278.0,275.93,154911,53.44,535,0.35,1,原创修仙题材AI动画连续剧，讲述《电子女友修道记》第二季剧情。围绕主角月清吾与师姐解语在上清剑宗的修炼历险展开，包含师徒情谊、复仇救赎、门派斗争等热血元素，融合游戏化战斗场景与传统仙侠世界观，呈现筑基修士逆战金丹期强者、对抗冥府之主等高燃剧情。
1673137188,分享快乐快乐每天,35375,影视,小剧场,https://space.bilibili.com/1673137188,2026-05-06,14,23,8150.0,271.67,133623,60.99,505,0.38,1,①反转爽文剧情为核心，聚焦小人物被欺压后的绝地反击，涵盖商战逆袭、职场打脸、复仇翻盘等高爽场景；②融合系统、重生、异能等奇幻脑洞设定，将现实矛盾与超现实元素结合；③题材跨度大，从现代餐饮创业、古装虐恋到末世玩梗均有涉猎，整体风格轻松娱乐向。
3546606550911223,耳蜗居委会,3833,影视,影视剪辑,https://space.bilibili.com/3546606550911223,2026-05-07,13,1,7734.0,257.8,42916,180.21,292,0.68,1,民国军阀题材的原创剧情向内容，以男性怀孕这一特殊设定为核心展开叙事；聚焦双男主在乱世背景下命运交织的情感故事，通过AI技术呈现具有戏剧张力的耽美向剧情场景。
3706972452948040,心跳WANJIA,1452,生活,日常,https://space.bilibili.com/3706972452948040,2026-04-20,30,33,7440.0,248.0,60109,123.78,156,0.26,1,①心肺复苏急救科普模拟内容，涵盖泳池溺水、心肌炎、哮喘等多种突发场景下的CPR操作演示；②穿插口腔全麻治疗等医疗场景记录，整体聚焦急救医疗健康科普领域，以实景模拟形式呈现专业急救流程
1247719327,糯米汤圆圆又圆,48059,动画,动漫杂谈,https://space.bilibili.com/1247719327,2026-04-26,24,26,6630.0,221.0,76259,86.94,437,0.57,1,①专注双男主CP向动漫剪辑与解说，题材横跨修仙、古风宫廷、现代校园等多个设定；②内容呈现以甜宠搞笑为主基调，擅长营造反差萌和高甜氛围，如冷面师尊实则恋爱脑、高冷男神实则狗狗属性等设定；③剧情走向多为暗恋成真、身份反转、误会解除等经典桥段
98923677,嘻嘻午漫,9288,影视,影视杂谈,https://space.bilibili.com/98923677,2026-05-12,8,5,6493.0,216.43,1113192,5.83,406,0.04,1,①动态漫画形式的爽文剧情解说，主打穿越/系统流题材，呈现主角凭借金手指逆袭翻盘的快节奏叙事；②内容涵盖古代基建种田、玄幻修仙权谋、现代末日求生等多元世界观设定，强调反转与戏剧冲突带来的观看爽感
3546597013063716,温柔漫次元,7437,动画,综合,https://space.bilibili.com/3546597013063716,2026-05-15,5,6,6278.0,209.27,30109,208.51,429,1.42,1,①情侣档国漫追番reaction内容，以《天官赐福》为核心，记录两人首次观看的真实反应与互动；②采用连续追番模式，覆盖剧情副本完整进程，实时解读人物关系和剧情走向；③强调CP向观看视角，着重捕捉花怜情感线的高甜瞬间与氛围感呈现
3632302963820879,可乐辣椒kllj,2877,影视,影视剪辑,https://space.bilibili.com/3632302963820879,2026-04-20,30,4,6264.0,208.8,53542,116.99,237,0.44,1,①专注男性孕产题材的影视剪辑内容，呈现娱乐圈顶流、古代帝王等特殊身份角色的生育故事；②着重刻画公开场合（颁奖典礼、朝堂）的紧张临盆情节，营造戏剧冲突感；③面向女性向受众，探索ABO世界观与性别反转设定下的情感叙事
3706975154080395,羡羡爱恰蓝蓝,2369,影视,影视剪辑,https://space.bilibili.com/3706975154080395,2026-05-12,8,10,6217.0,207.23,37702,164.9,231,0.61,1,"①古装耽美向影视剪辑，聚焦""装乖帝王×清冷太傅""的双男主CP线，持续产出同一对CP的系列化内容；②剪辑风格偏重甜宠暧昧互动场景，穿插宫廷权谋阴谋副线，强调角色间的情感张力与肢体亲密戏份；③面向腐女受众的纯爱向剪辑定位。"
701217246,醉花三两酒,15185,动画,动漫杂谈,https://space.bilibili.com/701217246,2026-04-28,22,26,5866.0,195.53,111136,52.78,380,0.34,1,①病娇强制爱向双男主剧情剪辑，主打占有欲、囚禁、疯批攻等重口情节元素；②兽世穿越养崽系列，围绕原始设定下的生存日常与育儿互动；③特殊设定耽美故事，涵盖ABO、双性人、合欢宗等架空世界观。
385028038,铄光AIGC,32861,影视,影视剪辑,https://space.bilibili.com/385028038,2026-04-30,20,17,5510.0,183.67,2155788,2.56,345,0.02,1,①抗战题材原创剧情剪辑，以穿越时空为设定核心，讲述现代军事装备支援抗日战场的热血故事；②重点展现未来科技武器（坦克、导弹、直升机等）碾压侵华日军的爽感战斗场面，兼具军事科幻与爱国情怀
662578966,星期八动漫,13829,动画,综合,https://space.bilibili.com/662578966,2026-04-24,26,60,5498.0,183.27,85960,63.96,231,0.27,1,①双男主古装耽美向剧情剪辑，聚焦情蛊解蛊、男子孕育龙蛋等奇幻设定下的情感纠葛；②重点呈现君臣、师徒、主仆等权力关系中的强制占有与病娇追逐情节；③内容多涉及宫廷、修仙、异族等古风背景，配合蛇龙CP、男性生育体系等架空世界观设定
16940745,明日奈奈子丶,7083,游戏,电子竞技,https://space.bilibili.com/16940745,2026-04-27,23,4,5228.0,174.27,13152,397.51,193,1.47,1,《魔兽世界》大秘境副本的增辉焚诀职业深度教学系列，逐个副本拆解输出循环与技能使用细节，强调DPS手法优化和伤害最大化技巧，适合追求极限输出表现的高端玩家学习参考。
39732639,枕星漫,4756,国创,国产原创相关,https://space.bilibili.com/39732639,2026-04-26,24,63,5156.0,171.87,61104,84.38,329,0.54,1,①都市情感向动态漫剧，主打现代爱情中的背叛与救赎主题，涵盖婚恋纠葛、前任纠缠、替身虐恋等高虐情节；②古风穿越重生题材，聚焦女性觉醒与复仇逆袭，包含宫廷权谋、嫡庶之争、前世今生等元素；③脑洞系统文与末世求生内容，呈现非常规设定下的爽文剧情
356767810,nan,4930,影视,影视剪辑,https://space.bilibili.com/356767810,2026-04-29,21,1,5126.0,170.87,26657,192.3,192,0.72,1,孕期题材爱情剧情剪辑，聚焦待产过程中的情侣日常互动与情感细节，通过宫缩阵痛、温柔陪伴、期待新生命等场景，呈现准父母面对人生重要时刻的真挚情感与心理变化，风格温馨细腻。
3706966413150731,峰说知识,2090,知识,社科·法律·心理,https://space.bilibili.com/3706966413150731,2026-04-28,22,64,5124.0,170.8,127994,40.03,141,0.11,1,①聚焦高考志愿填报咨询场景，以张雪峰现场解答家长学生问题为核心，涉及专业选择、院校定位等实操指导；②重点探讨体制内外就业差异，通过工资对比、职业发展路径等维度分析公务员、选调生、互联网等不同赛道；③延伸至社会现实话题，包括阶层跨越、学历价值、职场生存法则等深度观点输出
3690982405048793,九燚三土上祝融,1019,娱乐,娱乐粉丝创作,https://space.bilibili.com/3690982405048793,2026-05-01,19,5,5097.0,169.9,12182,418.4,190,1.56,1,"①娱乐圈CP粉向内容创作，专注""昀牵孟绕""这对CP的情感解读与互动分析，强调二人恋爱进展的细节捕捉；②结合玄学视角进行关系走向预测，用紫微斗数、月运等神秘学工具解析CP发展态势及相关影视作品播出时间"
424431526,大春不一样,115325,知识,人文历史,https://space.bilibili.com/424431526,2026-04-24,26,2,4986.0,166.2,79794,62.49,284,0.36,1,历史政治类深度科普内容，聚焦近现代中国重大历史转折点的深层逻辑解读。①从秋收起义切入，解析人民军队与旧军队在组织形态和制度建设上的本质差异；②通过严打时期典型案例，探讨中国法治实践中道德边界与法律边界的历史演变。内容以具象案例和历史细节为支撑，将宏大政治命题转化为可感知的叙事场景。
3546795483334697,倾君侧jun,2672,影视,影视剪辑,https://space.bilibili.com/3546795483334697,2026-04-29,21,8,4690.0,156.33,45301,103.53,293,0.65,1,"①古风BL剧情向剪辑，主打《替嫁》系列AI原创内容，围绕""王爷""与""知知""双男主CP展开温泉、中箭救治等高甜互动情节；②配套输出大量制作花絮（啃脖子、喂药片段等），呈现角色互动的幕后趣味过程；③含番外《宫灯长明》拓展世界观，整体风格偏甜宠撒糖向"
396826683,Annisleepy,23224,游戏,网络游戏,https://space.bilibili.com/396826683,2026-04-20,30,7,4671.0,155.7,27629,169.06,161,0.58,1,①魔兽世界副本通关教学专栏，针对至暗之夜版本各大地下城进行详细机制讲解；②以猎人职业视角输出实战攻略，涵盖天赋配置、小怪应对、Boss打法等全流程喂饭式教学，帮助玩家快速掌握副本通关技巧
384227469,善良的全波,5024,知识,财经商业,https://space.bilibili.com/384227469,2026-04-27,23,4,4615.0,153.83,11885,388.31,168,1.41,1,"①专注A股短线实战技巧分享，涵盖机构票止跌买点捕捉、主线趋势判断方法、涨停预期管理等交易策略；②强调仓位管理与交易纪律，帮助散户避免持仓过于分散的""开超市""问题；③内容偏实操方法论，语言口语化，像老手在复盘时分享交易心得。"
3546852456663234,巨灵神威,2616,生活,日常,https://space.bilibili.com/3546852456663234,2026-05-04,16,3,4571.0,152.37,66734,68.5,178,0.27,1,①二次元动漫角色演绎向内容，涵盖《鬼灭之刃》《神奇数字马戏团》等热门IP的角色互动场景；②偏向轻松可爱的日常风格呈现，融合游戏元素与角色成长设定，整体呈现休闲娱乐化的二次元衍生创作
3546958650148899,虾宇宙,3587,动画,同人·手书,https://space.bilibili.com/3546958650148899,2026-05-01,19,23,4513.0,150.43,65596,68.8,168,0.26,1,①明朝穿越题材原创动画，以朱元璋一家与现代世界的互动为核心，通过朱棣唱歌被误解、后世学医、开银行拍卖会等桥段展现古今碰撞的喜剧效果；②聚焦皇室家庭日常与权谋暗线，围绕朱标太子之位、朱棣永乐身份、吕氏害人等情节构建戏剧冲突，兼具搞笑与剧情张力
1919859979,马会精算师的小号,1295,运动,足球,https://space.bilibili.com/1919859979,2026-04-23,27,4,4460.0,148.67,1584,2815.66,14,0.88,1,①足球赛事竞彩分析内容，覆盖葡超、英超、法甲、瑞典超等多个联赛；②以付费充电形式向用户提供赛前盘口解读、胜负走向判断和具体比分预测；③讲解风格口语化直接，强调胜率优势的同时也会提示风险，侧重实战投注建议。
3546883859417864,攬月與卿,1551,影视,影视剪辑,https://space.bilibili.com/3546883859417864,2026-04-20,30,44,4425.0,147.5,51235,86.37,170,0.33,1,"①女性向百合题材剪辑创作者，内容聚焦女性角色间的亲密互动场景，包括扛抱、公主抱等肢体接触姿势；②主要呈现昏迷、醉酒等特定情境下的角色互动，强调""姐妹情""""闺蜜贴贴""等亲密关系氛围；③作品风格偏甜宠向，通过影视剪辑和日常拍摄展现女性之间的柔软情感与身体接触细节"
1856585105,小宝漫馆,5718,影视,影视杂谈,https://space.bilibili.com/1856585105,2026-04-30,20,24,4358.0,145.27,58167,74.92,311,0.53,1,"①系统流穿越爽文剪辑，主打开挂逆袭剧情，涵盖抗战热血、玄幻修仙、末世科幻等多元题材；②突出""金手指""式的逆天改命桥段，从废柴到战神、从食材到巨兽，强调爽感体验和视觉冲击；③兼顾规则怪谈、诡异求生等悬疑惊悚内容。"
361542249,BoadRode,6089,影视,小剧场,https://space.bilibili.com/361542249,2026-05-10,10,5,4317.0,143.9,61196,70.54,166,0.27,1,"①小剧场形式的性转换题材连续剧，以""人皮附身""为核心设定，讲述男性角色穿上女性人皮后发生的身份互换与冒险故事；②剧情围绕皮刀道具的争夺、身份隐藏与揭秘展开，融合悬疑推理元素，强调角色间的博弈与反转"
10834684,db雷德曼,3525,舞蹈,颜值·网红舞,https://space.bilibili.com/10834684,2026-04-25,25,28,4247.0,141.57,36888,115.13,111,0.3,1,①专注zentai全包紧身衣题材的视频创作，涵盖产品展示、外拍写真、舞蹈表演等多元化呈现形式；②结合kigurumi头壳、面具等特殊装扮元素，探索变装艺术的视觉表达；③部分内容记录拍摄花絮与幕后过程，展现小众服饰文化的创作日常
3493285477746792,格桑花家的㜩萨,23013,生活,日常,https://space.bilibili.com/3493285477746792,2026-04-22,28,2,4142.0,138.07,12110,342.03,164,1.35,1,情感关系向的塔罗感应占卜内容，聚焦恋爱中的各类情感困扰场景，包括分手断联、暧昧不清、冷战矛盾等状态下的关系走向预测；采用多组选项的大众占卜形式，帮助观众解读情感疑惑，获得心理疗愈与指引；会结合热点节日（如520）推出应景主题，兼具占卜娱乐性与情感陪伴属性。
3706984104725125,九夏小漫社,1602,影视,影视剪辑,https://space.bilibili.com/3706984104725125,2026-05-07,13,21,4060.0,135.33,68693,59.1,254,0.37,1,①耽美向双男主剧情剪辑，聚焦古风修真、穿越重生、替嫁联姻等题材，呈现师徒、将军书生、攻略者等多元CP组合；②强调偏执占有、强制爱情、虐恋反转等狗血剧情走向，凸显角色间的权力失衡与情感纠葛；③部分内容涉及ABO设定、男扮女装等特殊人设，整体风格偏向腐向受众的爽文式叙事
3706974204070747,Tk阿绫ee,1457,生活,日常,https://space.bilibili.com/3706974204070747,2026-05-02,18,14,3968.0,132.27,26122,151.9,66,0.25,1,①师生场景剧情演绎，以做题比拼、课堂互动为载体，融入挠痒惩罚等趣味玩法；②Coser憋笑挑战系列，记录不同角色扮演者在特定刺激下的反应；③少量动漫剪辑内容作为补充
1747124973,P大的芒果Mango,6084,科技,计算机技术,https://space.bilibili.com/1747124973,2026-04-26,24,3,3770.0,125.67,9137,412.61,196,2.15,1,①深耕前沿科技产业研究，聚焦稀有资源（氦气、五氧化二钒）、太空技术（低轨卫星光伏）、新能源储能等新兴领域；②内容以量化分析见长，自行计算市场规模、供需缺口，解读全球产业格局变化对上下游的影响，呈现出专业的产业投研风格。
1552532175,檀溪剧场,5664,影视,影视剪辑,https://space.bilibili.com/1552532175,2026-05-11,9,20,3719.0,123.97,92407,40.25,232,0.25,1,"①现代都市复仇爽文剪辑，聚焦小人物被背叛压榨后重生或反击的逆袭故事；②主打商业利益冲突场景，围绕合伙人翻脸、恶意压榨、以德报怨不成后的强势回击；③典型""先抑后扬""叙事节奏，善良主角遭遇背刺后用实力或智慧让对方付出代价，满足观众情绪宣泄需求"
1598035742,源初动漫,45589,动画,综合,https://space.bilibili.com/1598035742,2026-04-25,25,27,3640.0,121.33,2468789,1.47,239,0.01,1,①国产原创机甲科幻动画《机变苍穹：觉醒》系列更新，围绕光芒与影盟两大阵营的对立冲突、战争阴谋与身份悬疑展开热血剧情；②穿插录音室配音制作花絮，展现声优现场工作状态与幕后创作过程
385873574,腐_腐,6726,影视,影视剪辑,https://space.bilibili.com/385873574,2026-05-02,18,13,3623.0,120.77,240488,15.07,248,0.1,1,①双男主兽人题材连续剧情向剪辑，以《捡的狗它成精了》系列为主线，讲述人类墨染与化形犬系兽人阿布的同居日常；②重点刻画兽人情期生理特征及两人间的情感互动与生活磨合，穿插金鱼篇等支线角色故事；③内容风格偏甜宠向，通过日常对话展现角色性格与关系发展
1959644345,小唐幸运小店1,1016,运动,足球,https://space.bilibili.com/1959644345,2026-05-10,10,9,3398.0,113.27,4601,738.54,15,0.33,1,①足球竞彩赛事预测与方案分享，覆盖五大联赛、日韩联赛及沙特联赛等多赛区；②每日输出多场次组合推荐，详解单关、二串一等投注策略，提供让球、总进球数等具体方向；③内容以实时赛事为主，偶尔穿插篮球竞彩，强调稳健组合与风险把控
3706976636766237,蛋糕吃到撑,1425,生活,日常,https://space.bilibili.com/3706976636766237,2026-04-27,23,20,3384.0,112.8,28284,119.64,77,0.27,1,①心肺复苏急救科普演示内容，通过模拟场景展示CPR标准操作流程和人工呼吸技术；②涵盖泳池溺水、哮喘发作、孕妇急救等多种突发情况下的应急处理方法，强调实用性急救知识普及
495265166,雅雅子kig,1626,时尚,仿妆cos,https://space.bilibili.com/495265166,2026-05-14,6,3,3300.0,110.0,8207,402.1,112,1.36,1,①kig娃娃真人出镜Vlog，记录穿戴娃娃皮cos装扮的日常外出体验；②街头约会探店向内容，与不同小姐姐进行游乐场、咖啡店等休闲场景互动，展现二次元爱好者的真实社交日常，画风轻松自然带有生活气息。
3706957722553261,咕噜咕噜vva,14772,影视,影视剪辑,https://space.bilibili.com/3706957722553261,2026-05-01,19,3,3272.0,109.07,65516,49.94,210,0.32,1,"①原创AI玄幻短剧系列，以""橘猫道长""为主角展开茅山术法、斗僵尸等民国道法题材故事；②融合悬疑惊悚元素，围绕南疆诡城、往生宗炼尸等诡秘事件构建连续剧情；③呈现道术对决、破煞除魔的奇幻冒险氛围，打造具有东方玄学特色的视觉叙事风格"
439062590,小石头光溜溜国服攻略,32725,生活,日常,https://space.bilibili.com/439062590,2026-04-23,27,11,3271.0,109.03,154497,21.17,209,0.14,1,"①《王者荣耀》英雄深度教学系列，专注拆解国服顶尖选手和职业选手的操作细节与连招技巧；②以""国服零距离""为核心栏目，逐帧分析敖隐、哪吒、芈月、凯等热门英雄的实战打法，帮助玩家从零基础快速达到国服水平；③内容覆盖出装铭文、对线思路、团战意识等全方位攻略，强调""手把手教学""的实用性"
375510181,预防容貌欺诈看我,4370,影视,影视剪辑,https://space.bilibili.com/375510181,2026-05-09,11,9,3216.0,107.2,32306,99.55,125,0.39,1,①《神弃之地》系列超能力悬疑剧情剪辑，主角拥有附身变形能力，可通过接触窃取他人外貌与身份；②聚焦性别转换、身份伪装的猎奇设定，呈现偷衣、复刻身形等诡异行为；③带有欺骗、犯罪等惊悚元素，营造悬疑氛围
3546605586221616,冰可乐漫画,50039,国创,国产原创相关,https://space.bilibili.com/3546605586221616,2026-05-06,14,24,3161.0,105.37,47862,66.04,200,0.42,1,"①二次元热门IP同人有声小说创作，覆盖海贼王、火影、鬼灭等多个经典动漫作品；②主打""穿越+系统流""爽文设定，包含抽奖、商城、神格等多样化金手指体系；③月更20+部完结内容，产出节奏稳定高效"
3493294982040239,冰岛咖啡动漫站,1737,动画,综合,https://space.bilibili.com/3493294982040239,2026-04-22,28,72,3161.0,105.37,66420,47.59,199,0.3,1,①古风仙侠题材AI漫剧创作者，专注双女主情感叙事，涵盖师徒、囚禁、宗门等多元关系设定；②内容以女性向情感张力为核心，擅长营造暧昧悬疑氛围和身份反转剧情；③兼顾现代都市及跨时空题材探索，保持高产更新节奏
1166394339,亿个达不溜888,1480,国创,国产原创相关,https://space.bilibili.com/1166394339,2026-05-16,4,15,3095.0,103.17,42286,73.19,196,0.46,1,①双男主耽美向漫剧剪辑号，聚焦狗血爽文剧情：古装仙侠中的师徒情蛊、战神魔尊宿敌纠葛、替嫁王府等禁忌设定；②现代都市线以豪门商战、情敌翻身、误撩腹黑大佬为主；③整体风格偏重生穿越、强制救赎类快节奏一口气爽剧
455948168,大吃一口粮,4028,国创,国产原创相关,https://space.bilibili.com/455948168,2026-05-15,5,2,3078.0,102.6,13594,226.42,126,0.93,1,国产动画《暗夜心动》的二创内容制作者，专注于剧情向片段剪辑与解读。内容聚焦男女主角之间的情感互动桥段，呈现角色间暧昧试探、情感升温的关键场景，通过彩蛋补充、横屏特效等形式为原作粉丝提供沉浸式的CP向观看体验。
3546793744796338,拾光课堂,8050,知识,校园学习,https://space.bilibili.com/3546793744796338,2026-05-06,14,19,3070.0,102.33,28804,106.58,125,0.43,1,"①职业资格考试在线课堂，聚焦执业药师（药学、中药学各专业科目）和税务师考试的系统化精讲教学；②社会工作者考试培训，覆盖初级、中级社工的综合能力、实务及法规政策等全科目内容；③采用""完整版精讲""模式，由专业讲师逐章逐节拆解考点，强调基础薄弱学员的理解记忆与应试技巧"
3706984207485019,浅月漫社,1348,影视,影视剪辑,https://space.bilibili.com/3706984207485019,2026-05-07,13,14,2965.0,98.83,23721,125.0,184,0.78,1,①双男主耽美向小说改编剪辑，主打穿书、穿越、宿命羁绊等玄幻设定，聚焦攻受之间从误会、纠缠到深陷情感漩涡的虐甜剧情；②内容涵盖现代ABO设定、古风仙侠、末世异能等多元题材，强调反派大佬与主角间的追逃、守护、相爱相杀等高张力情感关系
3706973537175725,世界稳定,1261,生活,日常,https://space.bilibili.com/3706973537175725,2026-04-25,25,13,2936.0,97.87,29535,99.41,67,0.23,1,①专注急救CPR模拟演示内容，通过场景化呈现心肺复苏、人工呼吸等紧急救护操作流程；②多采用泳池溺水、ICU监测等具体情境，以模拟实操的形式普及医疗急救知识
698439062,老王来了-百刀会免费,6371,生活,日常,https://space.bilibili.com/698439062,2026-05-05,15,4,2920.0,97.33,17609,165.82,106,0.6,1,"①两性健康科普与生活知识分享，以轻松幽默的聊天方式讲解生理健康话题；②时事热点评论与深度剖析，涵盖科技算力、社会案件、商业人物等多元领域；③真人口播直播内容为主，采用""老王""式接地气的叙事风格，强调会员专属干货分享"
3706970047514772,悠米甜甜圈-,2342,影视,影视剪辑,https://space.bilibili.com/3706970047514772,2026-04-24,26,15,2859.0,95.3,39504,72.37,148,0.37,1,①主攻孕期题材剪辑创作，聚焦孕夫/男性怀孕场景下的孕吐、产检、临盆等孕期日常与情感陪伴；②包含GB（性转）、ABO等设定向内容，呈现伴侣间相互扶持、共渡孕期难关的甜虐向剧情；③部分涉及生产风险、产后并发症等医疗向高虐情节
246422038,雕非鱼,154011,动画,同人·手书,https://space.bilibili.com/246422038,2026-05-01,19,6,2790.0,93.0,88851,31.4,182,0.2,1,"修仙题材连载动画推文，讲述主角""雕飞鱼""在求变数百年间的奇遇历程。内容以长生修炼为核心，融入悬疑探案元素，涉及怪病调查、丹药炼制、门派试炼等修仙世界设定，呈现出典型的网文改编沙雕风格，节奏紧凑且带有轻松幽默的叙事基调。"
3706940892908402,葵花抓姬手,10734,时尚,时尚潮流,https://space.bilibili.com/3706940892908402,2026-05-01,19,61,2728.0,90.93,18163,150.2,16,0.09,1,专注台湾Beautyleg品牌的时尚写真合集搬运，以4K120P高规格技术呈现不同模特的完整作品系列，内容涵盖正片拍摄、花絮记录及早期侧录素材，形成较为完整的视觉档案库。
491573096,琴解故语,9355,知识,校园学习,https://space.bilibili.com/491573096,2026-04-28,22,1,2628.0,87.6,16622,158.1,110,0.66,1,"专注于汉字文化考据的知识向内容，通过解读""沙""""漠""等古汉字的音义变迁，探索东西方历史文明之间的文化关联，呈现出从语言学角度破解历史谜团的研究风格，内容信息密度高。"
3706971769277033,旧事漫声,2754,国创,国产原创相关,https://space.bilibili.com/3706971769277033,2026-04-23,27,80,2620.0,87.33,49053,53.41,157,0.32,1,①重生逆袭复仇向动态漫剧，主角经历前世背叛或悲剧后重生改命，通过揭穿阴谋、远离渣男或强势反击完成人生翻盘；②古装宫斗与现代虐恋双线并行，呈现婚恋情感中的误会纠葛、冷暴力虐待及最终的绝地反击；③完整故事快节奏叙事，适合一口气追完的爽文式剧情体验
3706977706314366,开悟修心-,1222,知识,社科·法律·心理,https://space.bilibili.com/3706977706314366,2026-05-14,6,21,2578.0,85.93,10933,235.8,49,0.45,1,"①以""阿紫""这一核心人物为中心，构建完整的灵性成长叙事体系，讲述其从封印到觉醒、从低谷到蜕变的修行历程；②结合紫微星、高维能量、星象运势等玄学元素，提供每日能量播报和灵性解读，强调天命归位与灵魂升维；③面向同频觉醒者群体，传递疗愈、共鸣与精神指引，呈现浓厚的灵修社群文化特征"
3546719514003582,RED_OFFICIAL_,172696,音乐,音乐综合,https://space.bilibili.com/3546719514003582,2026-05-20,0,1,2568.0,85.6,4787,536.45,58,1.21,1,音乐类直播内容创作者，以唱见身份在特殊节日（520）进行互动直播，演唱风格偏向节奏感强烈的舞曲和流行音乐，注重与粉丝的陪伴式互动体验。
3546770982308716,AI漫剧馆,10258,影视,短片,https://space.bilibili.com/3546770982308716,2026-05-05,15,18,2546.0,84.87,25666,99.2,160,0.62,1,"①古代穿越言情剧情剪辑，主打女性视角的重生复仇、身份反转与情感纠葛，涵盖宫廷权谋、豪门情仇等多元场景；②聚焦""渣男现世报""和女主逆袭爽文叙事，擅长呈现婚姻背叛后的果断离场与华丽转身；③穿插现代奇幻题材，包含诡异副本、穿书成画等脑洞剧情，保持强情节冲突和反转节奏感"
402345242,老杨有点捞,5639,游戏,网络游戏,https://space.bilibili.com/402345242,2026-04-23,27,5,2538.0,84.6,14969,169.55,104,0.69,1,①专注《火炬之光无限》SS12赛季罗莎2角色的深度配装教学，涵盖暴走巨刃、冰戳戳等多流派玩法；②提供幽邃深空、深空塔层等高难度副本的实战通关演示，强调低成本高生存的平民向配装思路；③包含专家服开荒攻略和防囤货充电专属内容，风格偏向无剪辑实录教学。
1432356950,小布丁去火星啦,2043,国创,国产原创相关,https://space.bilibili.com/1432356950,2026-04-29,21,15,2484.0,82.8,34274,72.48,154,0.45,1,①古装宫廷题材AI漫剧连载，讲述摄政王与小皇帝之间跨越君臣身份的情感羁绊故事；②剧情围绕权臣离京归来后的相守日常展开，融合朝堂权谋与私密情感两条线；③整体风格偏甜宠向，着重刻画两人从克制到坦诚的情感进展，以及大量日常互动细节
390363627,原点档案,30806,知识,人文历史,https://space.bilibili.com/390363627,2026-05-02,18,4,2464.0,82.13,53328,46.21,97,0.18,1,"专注明清历史悬疑大案深度解读，从麻城谜案的官场黑幕到壬寅宫变的宫廷内幕，再到宁王叛乱中王阳明的智谋对决。采用""一口气看完""的叙事方式，擅长挖掘案件背后的权力博弈与曲折细节，将正史不敢写的历史悬案以悬疑推理视角重新演绎，突出情节反转和真相揭秘。"
556849400,青柠漫序,1374,动画,综合,https://space.bilibili.com/556849400,2026-05-01,19,20,2401.0,80.03,25338,94.76,149,0.59,1,①专注ABO世界观下的双男主耽美漫画改编，涵盖Alpha、Beta、Omega、Enigma等各性别组合的CP配对；②剧情以高甜虐恋为主线，融合合约情人、替嫁、暗恋成真、带球跑等狗血桥段，强调信息素吸引、腺体标记、易感期等ABO特色设定；③人设偏好霸总、疯批、冰山攻等强势角色，擅长制造戏剧反转。
532653650,草莓研报,26765,知识,财经商业,https://space.bilibili.com/532653650,2026-05-05,15,16,2371.0,79.03,18730,126.59,70,0.37,1,专注解读华尔街顶级投行研报，日更形式汇总高盛、摩根大通、花旗等机构的最新观点；内容覆盖A股港股美股市场动态、宏观经济政策、半导体汽车等行业深度、个股分析及大宗商品走势；致力于将专业机构研究快速拆解成易懂的投资参考。
11404870,丹舟SD,13491,动画,MMD·3D,https://space.bilibili.com/11404870,2026-05-13,7,1,2370.0,79.0,3366,704.1,666,19.79,1,"①影视同人向剪辑短片，围绕""江澄""等角色展开的日常互动剧情；②着重呈现角色间的矛盾化解与关系重建，通过幽默对话刻画人物性格特点，营造轻松诙谐的氛围"
3690981243226451,娜娜凛,8412,生活,日常,https://space.bilibili.com/3690981243226451,2026-05-03,17,3,2352.0,78.4,29961,78.5,147,0.49,1,都市奇幻恋爱短剧系列，围绕霸道总裁与吸血鬼助理的暧昧情感线展开；通过司机视角吐槽、电梯密闭空间、照顾受伤等生活化小场景，刻画双方试探心意、克制情感的微妙互动；彩蛋形式呈现，注重细节氛围营造和角色内心独白。
3706941759031589,不吃香菜3301,1122,国创,国产原创相关,https://space.bilibili.com/3706941759031589,2026-04-29,21,57,2340.0,78.0,64926,36.04,150,0.23,1,"①原耽向广播剧改编内容，以ABO世界观设定为核心框架，涵盖豪门世家、星际科幻、古代宫廷等多元背景；②情感线主攻""追妻火葬场""类型，聚焦误会分离后的破镜重圆、先虐后甜剧情；③常见带球跑、真假少爷、网恋掉马等身份反转梗，全文完结式呈现。"
3706964177586288,冷爵说,1227,影视,影视剪辑,https://space.bilibili.com/3706964177586288,2026-04-20,30,70,2299.0,76.63,25566,89.92,139,0.54,1,"①女性向重生逆袭题材剪辑，聚焦女主穿越/重生后撕渣复仇、身份反转的爽文剧情；②古言宅斗与现代都市情感兼具，涵盖替嫁、真假千金、契约婚姻等经典桥段，强调女性觉醒与反击；③情节密集、反转频繁，主打""一口气看完""的短剧节奏感"
25770853,十一聊球,5212,运动,足球,https://space.bilibili.com/25770853,2026-04-21,29,19,2277.0,75.9,7532,302.31,20,0.27,1,①英超赛事深度解析为主，覆盖保级大战、欧战席位争夺等关键场次，擅长从战术体系、球队状态、战意分析等多维度预测比赛走向；②兼顾意甲、欧冠等赛事推荐，通过球队伤病、阵容轮换、历史交锋数据提供投注建议；③内容呈现口语化强，像朋友聊球般分享赛前情报和比分预测
677668965,梦禁儿,1437,影视,影视剪辑,https://space.bilibili.com/677668965,2026-04-24,26,31,2240.0,74.67,51027,43.9,138,0.27,1,①古装与现代双线虐恋向剪辑，聚焦体弱患病角色的生死相守故事；②密集呈现晕倒、受伤、吐血、临终等虐心情节片段，以悲情离别和深情陪伴为核心卖点；③《落梅如雪》《止痛药》等系列持续更新，擅长营造强烈情感冲击与悲剧美学氛围
248434870,格兰芬多的塔罗室,3509,生活,日常,https://space.bilibili.com/248434870,2026-04-23,27,25,2167.0,72.23,22022,98.4,87,0.4,1,①专注内娱顶流明星塔罗占卜，主打结婚对象画像、感情走向等情感向预测内容；②覆盖王一博、肖战、刘宇宁、白鹿等热门艺人的事业运势、播出情况等职业发展解读；③口语化解牌风格，强调娱乐性质，偶尔穿插塔罗牌教学内容
3546865419160291,漫剧剧场_,2533,国创,国产原创相关,https://space.bilibili.com/3546865419160291,2026-04-22,28,19,2144.0,71.47,31151,68.83,134,0.43,1,①双男主AI漫剧连载，讲述古代画家穿越现代后与霸总的守护故事；②融合穿越、豪门、艺术鉴定等元素，围绕主角身份合法化、画作真相揭露等情节推进；③强调霸总对穿越者的全方位保护与情感羁绊，走高甜宠溺向剧情线
3706964175489451,万界漫主,1237,影视,影视杂谈,https://space.bilibili.com/3706964175489451,2026-04-21,29,63,2136.0,71.2,16049,133.09,129,0.8,1,"①聚焦情感背叛与逆袭重生题材，主角历经家庭偏心、婚姻背叛、职场冷落等伤害后，以重生或觉醒视角反击复仇，强调""心死决绝""到""华丽转身""的情感蜕变；②兼顾古风架空世界观，涵盖宫廷权谋、修仙江湖、冥界传说等设定；③采用完整版长篇叙事，浓缩呈现虐恋-觉醒-反杀的爽文节奏，满足一口气追完的观看体验"
3706946129496658,调研纪要先知,3414,科技,计算机技术,https://space.bilibili.com/3706946129496658,2026-04-21,29,141,2131.0,71.03,30560,69.73,70,0.23,1,"①AI算力全产业链深度调研，从芯片、存储、光模块到PCB、液冷散热，系统追踪供需缺口、订单排期与产能扩张；②科技制造业产业数据速报，聚焦半导体设备、储能锂电、工业机床等细分赛道的订单暴增与国产替代进程；③内容以机构调研视角呈现，数据密集、节奏紧凑，擅长用""暴增""""翻倍""等冲击性表述直击产业拐点"
40304024,袁嘉威,24292,知识,财经商业,https://space.bilibili.com/40304024,2026-04-21,29,9,2108.0,70.27,1776,1186.94,15,0.84,1,"交易心理与认知成长类深度内容。不讲技术指标和行情分析,而是专注探讨交易者在实战中遇到的心理困境——如何面对欲望、止损、执行失控、自我怀疑等内在问题。内容偏向帮助有一定交易经验的人突破""看对但做不对""的瓶颈,引导交易者从急于证明自己转向接受市场不确定性,强调交易真正的难点在于理解和管理自己的内心反应。"
61214429,明文传输不,28255,科技,计算机技术,https://space.bilibili.com/61214429,2026-04-23,27,28,2099.0,69.97,66347,31.64,132,0.2,1,①专注海外优质技术教程的中文配音搬运，覆盖AI机器学习（吴恩达、李飞飞等名校公开课）、编程语言（C++/Java/C#等）及开发工具实战；②内容以完整系列课程为主，注重知识体系的完整性和实用性
3546705601497615,小甜菜Ai,4472,娱乐,娱乐粉丝创作,https://space.bilibili.com/3546705601497615,2026-04-27,23,12,2088.0,69.6,47621,43.85,132,0.28,1,①AI演绎双男主纯爱向短剧，聚焦年上甜宠关系中的日常互动与情感羁绊；②围绕高考、异地、冷战等情节节点展开虐甜交织的剧情演绎，着重刻画分离焦虑与情感挽回场景；③通过回忆杀、思念独白等叙事手法强化情感浓度，营造细腻温柔的氛围感
298041700,官仁羽生,126993,知识,社科·法律·心理,https://space.bilibili.com/298041700,2026-04-20,30,1,2070.0,69.0,161580,12.81,129,0.08,1,暂无稿件内容信息
5570974,钢皇の游戏王国,35460,游戏,单机游戏,https://space.bilibili.com/5570974,2026-04-30,20,1,2050.0,68.33,33737,60.76,183,0.54,1,科幻剧情向互动游戏视频，以癌细胞演化为创意切入点，探索生命起源与文明诞生的另类可能性。采用互动电影形式，让观众参与决策影响剧情走向，在硬核科幻设定与趣味互动体验间找到平衡点。
3706949352819235,江寒急诊,5611,国创,国产原创相关,https://space.bilibili.com/3706949352819235,2026-04-24,26,23,2037.0,67.9,39772,51.22,129,0.32,1,"①现代都市医疗题材原创动画，主角江寒以高超医术对抗权贵资本，呈现""神医收拾不讲规矩的有钱人""的爽文叙事；②强烈的爱国主义色彩，频繁设置外资医药垄断、国际财团威胁等情节，突出民族情绪；③底层关怀与阶级对立并存，强调""穷人看病有尊严、富人必须守规矩""的价值观。"
1780141565,小娣_长漫配音,9725,动画,综合,https://space.bilibili.com/1780141565,2026-05-03,17,2,2031.0,67.7,17595,115.43,278,1.58,1,①玄幻题材长篇漫剧配音创作，主打都市奇幻与修仙捉妖两大方向；②聚焦主角获得特殊能力后开启的冒险故事，呈现人与动物、人与妖灵之间温情治愈或热血战斗的剧情演绎
3546686871833294,在下叶无忧,213926,动画,综合,https://space.bilibili.com/3546686871833294,2026-04-26,24,5,2008.0,66.93,63587,31.58,131,0.21,1,"①原创动画《魔种昼夜》系列连载，讲述残疾学生君夜意外成为魔种后，加入七大罪组织代号""傲慢""的成长冒险故事；②内容围绕魔种与人类猎魔组织SDD的对抗展开，涉及马戏团、上神教等反派势力的围剿战斗；③画风偏二次元热血向，着重刻画主角觉醒心魔能力、团队协作战斗等高燃情节"
1364180762,小巴的投研之旅,1743,知识,财经商业,https://space.bilibili.com/1364180762,2026-04-27,23,43,2007.0,66.9,10457,191.93,79,0.76,1,"①深度聚焦AI算力产业链投资机会，围绕国产AI芯片、光通信、算力租赁、先进封装等硬科技赛道，从产业趋势、供需格局到龙头标的进行全方位解析；②""投研闭门会""系列常态化输出，强调行情节奏把握和配置时机研判，为投资者提供产业链景气度跟踪与个股机会挖掘"
418393983,番茄同人迷,2508,国创,国产原创相关,https://space.bilibili.com/418393983,2026-05-01,19,64,1948.0,64.93,66181,29.43,121,0.18,1,①以《星穹铁道》《斗罗大陆》《斗破苍穹》等国创IP为主的同人爽文有声剧，主角穿越获得系统、模组或特殊血脉，开局逆袭碾压原作角色；②涵盖假面骑士特摄、MC模组、综漫等多元题材的穿越文，强调主角觉醒逆天能力后横扫各大位面的爽感叙事
688199209,天命启示,2868,生活,日常,https://space.bilibili.com/688199209,2026-04-24,26,43,1922.0,64.07,12792,150.25,48,0.38,1,"①聚焦灵性觉醒与身份认同，通过""天选之人""概念营造受众的特殊感和使命感；②主打财富显化与命运转折叙事，强调宇宙能量、高维觉醒对个人财运的影响；③擅长运用紧迫性话术和情感共鸣式表达，通过倒计时、最后机会等元素增强内容吸引力"
3706973325363573,作手星新,1953,知识,财经商业,https://space.bilibili.com/3706973325363573,2026-04-26,24,2,1906.0,63.53,2409,791.2,16,0.66,1,期货交易实战分享类内容，以个人真实交易经历为主线，既讲解期货多空原理、价格行为等基础知识，也坦诚复盘自己的操作失误（如白银亏损）。重点聚焦进场时机、止盈止损等实操难题，风格偏向经验总结式教学，强调从实战中提炼交易思路。
3706923373299851,妖妖说漫,5240,国创,国产原创相关,https://space.bilibili.com/3706923373299851,2026-04-27,23,19,1893.0,63.1,18450,102.6,124,0.67,1,①主打VIP配音有声爽文，内容聚焦热血抗战题材，涵盖现代军队穿越支援抗日战场的硬核战斗叙事；②兼顾特摄铠甲勇士和古代权谋穿越题材，呈现逆袭复仇、救国争霸等高燃剧情，整体风格偏向长时段沉浸式听书体验
3706939984841529,我是南歌初渝,2161,影视,影视剪辑,https://space.bilibili.com/3706939984841529,2026-04-20,30,6,1864.0,62.13,14005,133.1,72,0.51,1,国产原创动画剪辑，主打玄幻仙侠题材的双男主热血剧情。内容聚焦神尊与战神之间跨越千年的恩怨纠葛，呈现权谋背叛、禁忌情感等戏剧冲突，整体风格偏向成人向叙事，注重角色间的情感张力与命运羁绊的刻画。
386708476,九儿动漫站,1873,影视,影视剪辑,https://space.bilibili.com/386708476,2026-04-24,26,13,1847.0,61.57,24093,76.66,485,2.01,1,①主打AI生成的双男主耽美向短剧剪辑，涵盖古风仙侠、现代都市、娱乐圈等多元题材；②聚焦虐恋情感线，呈现误会分离、追妻火葬场、破镜重圆等经典虐心桥段；③契合耽美受众偏好，强调情感纠葛与人物关系张力
3494350178749329,风云书屋,6864,国创,国产原创相关,https://space.bilibili.com/3494350178749329,2026-04-27,23,58,1842.0,61.4,90741,20.3,113,0.12,1,①都市爽文小说剧情演绎，聚焦重生、复仇、真假千金等热门题材，强调主角在遭遇背叛或不公后的逆袭反转；②家庭伦理矛盾叙事，呈现原生家庭创伤、亲子关系扭曲、校园霸凌等现实冲突场景；③悬疑惊悚向故事线，包含灵异元素、高考作弊系统、神秘习俗等奇幻设定，营造紧张刺激的叙事氛围
3706979826535030,摩托车小妹妹,1309,生活,日常,https://space.bilibili.com/3706979826535030,2026-05-07,13,38,1842.0,61.4,8478,217.27,26,0.31,1,"①女性摩托车骑行日常vlog，记录骑车出门逛街、接闺蜜、上下班等生活片段；②核心看点是摩托车频繁故障的喜剧化呈现，半路抛锚、打不着火、熄火成为常态；③用大量口语化吐槽（""该死的车""""烂车""）营造真实又搞笑的骑行困境氛围"
3546918252710137,小叶书屋,1684,国创,国产原创相关,https://space.bilibili.com/3546918252710137,2026-04-29,21,35,1831.0,61.03,63738,28.73,112,0.18,1,①现代都市女性向爽文剧情剪辑，聚焦家庭矛盾、婚恋纠葛与原生家庭创伤，主打重生逆袭、替身成真、真假千金等高爽反转情节；②擅长刻画被轻视女性角色的绝地反击，通过学业成就、身份揭秘或权势逆转完成打脸复仇；③少量悬疑惊悚题材点缀，涉及拐卖解救、家庭秘密等社会现实向内容
3632304075311637,郭延娇郭律,14416,生活,日常,https://space.bilibili.com/3632304075311637,2026-04-20,30,175,1821.0,60.7,39976,45.55,65,0.16,1,①婚恋情感咨询类直播连麦实录，聚焦婚姻矛盾、夫妻相处、婆媳关系、彩礼纠纷等现实婚恋问题；②以郭律师第一视角呈现真实案例分析，风格犀利直接，擅长一针见血指出问题核心，对求助者进行情感疏导和现实建议
515231056,黑鹤001,43368,知识,设计·创意,https://space.bilibili.com/515231056,2026-05-14,6,1,1759.0,58.63,32441,54.22,77,0.24,1,AI视频生成技术教程，专注ComfyUI工作流的实战讲解。主打LTX模型的低显存优化方案，涵盖多图生视频、多段精准控制、数字人应用等功能整合，教学风格偏向详细拆解和实操演示，适合有一定技术基础的创作者学习。
123877919,酥脆漫,1224,生活,日常,https://space.bilibili.com/123877919,2026-04-22,28,30,1748.0,58.27,18387,95.07,127,0.69,1,①ABO世界观耽美漫画剧情解说，聚焦Alpha/Omega/Beta/Enigma等不同性别设定下的情感纠葛与身份错位；②主打强制标记、意外怀孕、身份反转等冲突性剧情，呈现攻受关系中的权力博弈与追妻火葬场桥段；③穿越重生、替身顶罪、黑道大佬等多元题材混搭，强调反差萌与角色成长弧光
3706935742302389,水已1,1370,生活,日常,https://space.bilibili.com/3706935742302389,2026-04-22,28,36,1722.0,57.4,15934,108.07,45,0.28,1,①专注催眠控制题材的剧情向创作，覆盖女战神、女特工、女侠、女总裁等多元职业女性角色，通过古风武侠、现代都市、科幻等不同场景展开叙事；②采用连续剧形式呈现完整故事线，真人版与动漫版交替更新，强调精神控制下的意识对抗与剧情反转
3706964217432341,夜枭漫剧,1175,动画,综合,https://space.bilibili.com/3706964217432341,2026-04-20,30,69,1718.0,57.27,18143,94.69,101,0.56,1,①重生复仇向动态漫剧，主角遭背叛后携前世记忆回归，改写命运强势逆袭；②现代婚姻情感虐恋故事，聚焦出轨背叛与觉醒后的决绝反击；③古装宫斗权谋剧情，涵盖帝王后宫、真假千金等家族恩怨叙事
3690978588232492,听歌看舞新号,3937,舞蹈,颜值·网红舞,https://space.bilibili.com/3690978588232492,2026-04-21,29,19,1699.0,56.63,14054,120.89,21,0.15,1,①成熟女性舞蹈向内容，主打广场舞、韩舞等多元舞种翻跳，演绎风格偏热舞动感；②人设定位微胖身材的成熟女性，常见服饰包括短裤、小黑裙、职业装、长靴等，突出生活化场景中的舞蹈表达；③选曲涵盖广场舞热门曲目与流行韩舞，内容兼具大众娱乐性与个人特色展示
1651395999,阿依莎你说说你呀,2133,生活,搞笑,https://space.bilibili.com/1651395999,2026-04-23,27,11,1672.0,55.73,21555,77.57,63,0.29,1,①现代情感虐恋剧情创作，以孕夫照顾、追妻破镜等情感线为主，强调隐忍与爱意渐浓的情感张力；②古装权谋题材剪辑，聚焦质子在异国隐忍求生、身份卡位与情感挣扎的复杂人物刻画
3546884549380947,老k追剧,1259,影视,影视剪辑,https://space.bilibili.com/3546884549380947,2026-05-01,19,43,1671.0,55.7,21770,76.76,101,0.46,1,①现代都市情感虐恋向剪辑，聚焦婚恋关系中的背叛、误解与情感纠葛，强调女性角色在感情中的付出与觉醒；②穿越重生复仇题材内容，呈现主角遭遇不公后的绝地反击与人生逆转；③豪门世家身份错位剧情，围绕真假千金、亲情冷漠等冲突展开叙事
3706951919733336,觉知实验室AwareLab,8108,知识,社科·法律·心理,https://space.bilibili.com/3706951919733336,2026-04-30,20,49,1620.0,54.0,14662,110.49,49,0.33,1,①深度心理学与哲学思辨内容，以纳瓦尔、荣格、马基雅维利等思想家理论为框架，探讨个人成长、认知觉醒与精神蜕变；②两性关系底层逻辑拆解，从进化心理学和第一性原理切入，剖析性张力、吸引力本质及亲密关系中的深层心理机制；③反主流价值观的生活哲学输出，聚焦财富认知、欲望管理、社交策略等实用智慧，强调长期主义与精神独立
165479290,怪桑动画,241873,动画,综合,https://space.bilibili.com/165479290,2026-05-15,5,5,1604.0,53.47,32251,49.74,95,0.29,1,①修仙爽文动画改编，讲述主角顾昀以碾压实力横扫各路敌人的无敌流故事；②重点展现主角破阵斩敌、揭穿阴谋、收服叛徒等打脸复仇桥段，搭配夸张搞笑的章鱼哥等配角强化戏剧冲突；③画面呈现混沌真身、准帝突破等玄幻修炼场景，节奏紧凑且台词密集
84333367,爱炒股的饼饼,10927,游戏,网络游戏,https://space.bilibili.com/84333367,2026-05-07,13,11,1569.0,52.3,9852,159.26,61,0.62,1,股市每日复盘类内容，面向充电会员提供大盘走势分析、热门板块解读（商业航天、新能源电池、半导体、黄金等）以及重点个股跟踪，紧贴交易日节奏更新，兼具宏观市场研判与微观投资机会挖掘。
23601576,小雨的名著时光,310513,影视,影视杂谈,https://space.bilibili.com/23601576,2026-05-11,9,2,1566.0,52.2,28776,54.42,140,0.49,1,"专注《水浒传》文学细读的技术流解说。通过挖掘文本中容易被忽略的语言细节（如特定用词、对白技巧），将施耐庵的写作技法分层级拆解剖析，从""优秀级""到""超神级""逐步展现古典小说的文笔奥妙。内容强调发现感和技术含量，擅长把看似平常的字句解读出深层的写作认知，为名著爱好者提供独特的鉴赏视角。"
405059835,逻辑研究猿,47387,知识,科学科普,https://space.bilibili.com/405059835,2026-04-22,28,11,1554.0,51.8,20403,76.17,48,0.24,1,①专注A股游资交易复盘解读，深度拆解92科比、退神、陈小群等知名游资的实盘交割单，剖析打板手法、仓位管理和龙头识别技巧；②结合养家心法等经典理论，从交易哲学到具体操作术进行对比教学，帮助散户理解职业选手的决策逻辑和风控体系
336716588,奶绒小剧场,1627,游戏,手机游戏,https://space.bilibili.com/336716588,2026-05-05,15,7,1542.0,51.4,14953,103.12,56,0.37,1,①穿越题材短剧创作，主打现代人穿越到古代或异世界的身份转换故事，包含末世异能者种田、穿书逃命、人鱼生子等脑洞设定；②注重剧情反转和爽文节奏，围绕主角利用金手指改变命运、应对逼婚生子等冲突展开，呈现轻松娱乐向的完整版小剧场内容
3706953161247337,南枝以南,1285,国创,国产原创相关,https://space.bilibili.com/3706953161247337,2026-05-01,19,6,1501.0,50.03,14183,105.83,95,0.67,1,"①国创原创系列剧情向内容，以男主角患病弱体质为核心，展现""装病真病""与胃疼病发的虐恋桥段；②聚焦男女主角在险境营救、社交场合等情境中的情感互动，强调女主护夫与男主隐瞒病情的双向虐心剧情；③整体呈现病弱男主设定下的甜虐交织爱情故事线"
202707020,阿赖LL,1927,生活,日常,https://space.bilibili.com/202707020,2026-05-01,19,4,1485.0,49.5,9594,154.78,96,1.0,1,专注于檀健次个人娱乐内容的Reaction视频创作，涵盖综艺节目《你好星期六》及演唱会大电影等多元素材。创作风格以第一视角实时观看反应为主，口语化表达自然流畅，频繁与观众互动交流，营造陪伴式观看氛围。内容定位清晰，主要面向檀健次粉丝群体。
3706936344185420,BeatTheFish,1808,游戏,桌游棋牌,https://space.bilibili.com/3706936344185420,2026-05-10,10,21,1474.0,49.13,9875,149.27,52,0.53,1,①德州扑克专业教学频道，以中字形式搬运海外顶尖选手（LinusLLove、Jungleman等）的GTO策略干货与高额桌实战复盘；②内容覆盖从微额桌到千刀级别的进阶路径，聚焦诈唬技巧、下注尺度、手牌解析等核心技术要点
207254095,浩然剧场,3355,国创,国产原创相关,https://space.bilibili.com/207254095,2026-05-06,14,21,1405.0,46.83,38713,36.29,86,0.22,1,"①现代都市爽文短剧，聚焦草根逆袭和职场复仇题材，呈现小人物被欺压后通过智慧或技能反转局面的故事；②涵盖创业维权、亲情背叛、邻里纠纷等社会矛盾冲突，强调""不惹事但绝不怕事""的痛快解决方式；③穿插末日求生、奇幻元素等非现实题材，但核心仍是弱者翻身的戏剧张力"
42414927,花初月,199508,动画,同人·手书,https://space.bilibili.com/42414927,2026-05-11,9,2,1389.0,46.3,25101,55.34,91,0.36,1,"①原创悬疑动画连续剧，讲述诡异伪装成调查员潜伏于七四九局的身份危机故事；②聚焦主角""初月""在人类与诡异双重身份间的生存困境，通过超前观看集数推进剿灭诡异组织的悬疑剧情线"
3690971256588388,老王有干货,16076,生活,日常,https://space.bilibili.com/3690971256588388,2026-04-22,28,101,1361.0,45.37,21744,62.59,51,0.23,1,①商业实战类财经内容，聚焦创业方向指导与行业机会解析，直言式分析未来趋势和避坑要点；②生意经验分享和普通人赚钱方法论，强调专注、认知升级与抓住时代红利的实操思维；③社会经济现象深度解读，涵盖房价逻辑、社保价值、阶层跨越等民生话题的底层逻辑拆解
548209208,财佬说说,1621,知识,财经商业,https://space.bilibili.com/548209208,2026-05-18,2,2,1338.0,44.6,2680,499.25,48,1.79,1,"①聚焦半导体产业链深度解读，以叶荣添观点为核心，剖析国产芯片、存储器厂商（长鑫/长江存储）的产业动态与供需行情；②提出""AI上半场看算力、下半场看连接""的独家论断，前瞻性分析光模块、光通讯等技术方向的投资机会"
3706952016202371,奇闻异事录灵异电台2,2182,知识,人文历史,https://space.bilibili.com/3706952016202371,2026-05-06,14,90,1324.0,44.13,19368,68.36,49,0.25,1,①民间灵异故事电台内容，以网友投稿的真实撞邪经历为主，覆盖司机、外卖员、入殓师等各行业人群的诡异遭遇；②聚焦80-90年代历史悬案与封锁档案，如东北怪胎、成都僵尸、749局秘密等怀旧怪谈；③穿插各地民俗禁忌、废弃场所灵异事件及现代都市传说。采用主播口述讲故事形式，睡前恐怖解压向定位。
3632301349014057,玄栈,1375,科技,计算机技术,https://space.bilibili.com/3632301349014057,2026-04-20,30,4,1322.0,44.07,6965,189.81,18,0.26,1,"①U3D手游逆向技术实战教程，聚焦子弹追踪、对象数组、矩阵定位等游戏修改通杀技术；②教学风格通俗直白，强调""包教包会""、""秒获取""等快速上手方法，降低技术门槛，自称""道友""增添修仙式趣味感。"
3546637607635469,灵镜星阁,2264,生活,日常,https://space.bilibili.com/3546637607635469,2026-04-22,28,10,1307.0,43.57,2719,480.69,17,0.63,1,"①塔罗占卜实用教学内容，采用随机抽牌形式逐张讲解78张塔罗牌的解读方法；②主要聚焦两大应用场景：感情咨询中的""爱不爱我""单牌解读，以及月运年运的流年流月预测；③教学风格轻松随性，强调实战应用而非理论体系，带有即兴发挥和个人经验分享的特点。"
13835703,生命天合,36261,运动,运动文化,https://space.bilibili.com/13835703,2026-05-09,11,9,1278.0,42.6,6256,204.28,37,0.59,1,①传统身心修习教学内容，以太极拳、推拿按摩、费登奎斯动觉等东方身体训练为核心，结合《心经》等国学智慧讲解身心合一理念；②现场教学实录风格，通过师生互动演示、肢体调整指导和学员体验分享，强调精神意象与身体觉知的统一，注重从心性层面理解传统养生修行方法。
1731462786,二狗看漫,44558,动画,综合,https://space.bilibili.com/1731462786,2026-05-12,8,7,1236.0,41.2,12699,97.33,80,0.63,1,①双男主耽美向动漫剪辑，聚焦古装奇幻穿越题材；②主打替嫁、生子、囚禁等强制爱剧情，搭配王爷侍卫、魔尊战神等权力差设定，狗血虐恋风格浓厚
308917666,俩杏老师,6875,影视,影视剪辑,https://space.bilibili.com/308917666,2026-05-09,11,3,1228.0,40.93,10909,112.57,49,0.45,1,①古装言情剧情向二创剪辑，聚焦赵丽颖主演剧集中的CP向甜宠互动片段；②内容以《知否》衡兰夫妇、《花千骨》师徒情、《楚乔传》星玥CP为主，着重呈现角色间细腻的情感张力与日常温馨氛围；③剪辑风格侧重情绪渲染，通过对白提取和场景重组强化CP感
1292328249,睡前故事郎,65714,知识,人文历史,https://space.bilibili.com/1292328249,2026-04-30,20,3,1200.0,40.0,26367,45.51,61,0.23,1,①专注中国古代历史人物深度讲述，以战国谋士、明朝权臣、帝王等传奇人物为核心，挖掘其跌宕起伏的命运转折；②采用睡前故事的叙事风格，语言口语化且富有画面感，适合助眠场景下的轻松收听；③善于捕捉历史细节中的悬疑元素，将严肃史实转化为引人入胜的故事线索。
676018916,调酒师高鹏,232267,美食,美食制作,https://space.bilibili.com/676018916,2026-05-01,19,2,1186.0,39.53,10732,110.51,35,0.33,1,专业调酒技法教学内容，聚焦经典鸡尾酒的标准化制作流程。UP主以十余年从业经验为支撑，深度拆解Gimlet、Dry Martini等经典酒款的核心操作逻辑，从原料预处理（柠檬去皮籽、冰块清洗）到手法细节（摇和技巧、比例调配）进行全链路演示，强调基本功对成品质量的决定性影响，适合有一定基础的调酒爱好者或从业者学习提升。
141793425,我的阿素啊,877,影视,短片,https://space.bilibili.com/141793425,2026-05-07,13,7,1175.0,39.17,11735,100.13,72,0.61,1,"①原创自制双男主生子剧情短片，围绕""阿素""和""阿真""展开重生与回忆双线叙事；②聚焦家庭情感与育儿日常，呈现主角带娃、情感纠葛及身份悬疑等元素；③故事涉及失散重逢、保护家人、身体危机等戏剧冲突，情节连贯成系列作品"
3632319113988564,次元高能漫剧,6147,国创,国产原创相关,https://space.bilibili.com/3632319113988564,2026-05-04,16,19,1165.0,38.83,23642,49.28,73,0.31,1,"①专注超长篇有声书爽文改编，主打系统流穿越题材，覆盖末世异能、玄幻修仙、历史军事等多元类型；②内容以主角逆袭成长为核心叙事线，强调""废柴觉醒""""金手指开挂""等典型网文爽点设定"
2128235436,HOTDOG一条热狗,5867,游戏,单机游戏,https://space.bilibili.com/2128235436,2026-05-03,17,2,1162.0,38.73,112229,10.35,72,0.06,1,《环世界》(RimWorld)游戏同人原创动画创作，以搞笑风格演绎游戏中的灾难与战斗场景，聚焦Ratkin种族在殖民地生存过程中遭遇的各类危机事件，用动画形式还原游戏玩家的爆笑体验。
3493122036206335,HARDCORE_TANOC,70676,音乐,原创音乐,https://space.bilibili.com/3493122036206335,2026-05-17,3,1,1151.0,38.37,2376,484.43,12,0.51,1,专注于TANO*C厂牌的Hardcore电子音乐现场直播回放，记录日本巡演Tokyo站的DJ打碟表演实况，为国内电音爱好者提供同步观看硬核风格电子音乐演出的窗口。
130793038,以战止战丶丶,1493,游戏,网络游戏,https://space.bilibili.com/130793038,2026-05-03,17,1,1148.0,38.27,2689,426.93,27,1.0,1,专注魔兽世界野德职业的PVP深度教学，以进阶版攻略形式讲解版本机制和实战技巧，帮助玩家从手忙脚乱到游刃有余，内容从技能解析到职业理解层层递进，适合想要提升段位的德鲁伊玩家。
456064813,好奇的珜,441941,知识,科学科普,https://space.bilibili.com/456064813,2026-05-09,11,1,1141.0,38.03,16308,69.97,75,0.46,1,"心理成长类科普内容，以幽默对话形式拆解拖延症、完美主义等精神内耗问题，用""熊大""等角色化表达剖析年轻人不敢开始、自我怀疑的深层心理机制，帮助观众理解并突破行动障碍，风格轻松接地气又直击痛点。"
3546973391030373,空心漫话,111992,舞蹈,颜值·网红舞,https://space.bilibili.com/3546973391030373,2026-05-10,10,22,1129.0,37.63,27493,41.07,68,0.25,1,"①网文爽文式剧情短视频，涵盖穿越重生、修仙玄幻、末世科幻等多元题材设定；②采用第一人称叙事视角，主角多为身怀特殊能力或隐藏身份者，强调反转逆袭和能力觉醒；③快节奏""一口气看完""的短剧形式，迎合碎片化观看习惯"
1595005,录音姬阿童木,184901,动画,综合,https://space.bilibili.com/1595005,2026-05-01,19,1,1117.0,37.23,64436,17.34,51,0.08,1,职场题材原创搞笑动画短片，以创业公司日常为背景，通过实习生视角展现文案策划、接单创业等职场场景中的荒诞与幽默，用轻松诙谐的叙事风格解构打工人与甲方关系的现实困境。
3546824990263666,不怪地球,575345,动画,同人·手书,https://space.bilibili.com/3546824990263666,2026-05-01,19,2,1116.0,37.2,68821,16.22,72,0.1,1,①悬疑惊悚向原创动画短片，擅长营造离奇诡异的氛围；②故事题材聚焦人性阴暗面和道德困境，融合科幻、恐怖元素构建反转剧情；③采用第一人称沉浸式叙事，通过复制人、整容失败等猎奇设定，展现人物在极端情境下的心理挣扎与复仇欲望。
3546829497043442,超强壮的肌肉,1279,生活,日常,https://space.bilibili.com/3546829497043442,2026-04-29,21,41,1109.0,36.97,38543,28.77,41,0.11,1,①专注心肺复苏CPR急救场景内容，涵盖心脏骤停、晕倒、猝死等突发医疗事件的抢救过程；②混合实录拍摄与影视剪辑素材，呈现除颤、人工呼吸等急救操作细节，强调生命救援的紧迫感与医疗科普价值
3706978471774218,馒头夹油饼Reaction,2162,影视,影视杂谈,https://space.bilibili.com/3706978471774218,2026-05-02,18,32,1102.0,36.73,13999,78.72,72,0.51,1,①老外观影反应视频，以外国人视角即时评论欧美经典电影；②内容横跨科幻、奇幻、恐怖、爱情、战争等多类型片种，聚焦高分经典作品如《哈利波特》系列、《泰坦尼克》、《终结者2》等知名IP。
39367094,玉猫塔罗,1779,生活,日常,https://space.bilibili.com/39367094,2026-04-23,27,13,1101.0,36.7,5267,209.04,34,0.65,1,"①专注禁忌/非传统情感关系的塔罗占卜，为地下恋、三方关系等复杂情感提供疗愈向解读；②覆盖暧昧、断联、分手复合等多种关系状态，深挖对方真实想法与未来走向；③采用分组占卜形式，语气温暖包容，兼具""喵喵叫""系列等轻松趣味内容。"
672801912,26格漫剧,5150,影视,影视剪辑,https://space.bilibili.com/672801912,2026-05-02,18,21,1093.0,36.43,34184,31.97,41,0.12,1,①武侠古装情感剪辑，围绕《射雕英雄传》等经典武侠作品展开，重点呈现杨过与郭芙、黄蓉等角色间的情感纠葛与家庭伦理冲突；②现代都市情感向剪辑，聚焦火车旅途中多位女性角色与男主角的暧昧互动，强调封闭空间内的情感张力
3706968428514163,峰说学习,1348,知识,社科·法律·心理,https://space.bilibili.com/3706968428514163,2026-05-03,17,51,1092.0,36.4,44658,24.45,41,0.09,1,①高考志愿填报咨询实录，以张雪峰连麦答疑形式，解答家长关于专业选择、院校定位、就业方向的困惑；②体制内外职业对比分析，聚焦公务员、事业编、央国企与私企薪资待遇、发展路径的真实差异；③职场生存法则科普，探讨向上管理能力、阶层跃升路径等社会现实话题
3706976303319643,纸上白月光,1172,国创,国产原创相关,https://space.bilibili.com/3706976303319643,2026-04-28,22,15,1075.0,35.83,18168,59.17,67,0.37,1,"①古风耽美动画改编，聚焦双男主纯爱向剧情，涵盖替嫁王爷、暗卫怀崽、病弱世子配残疾将军、寒门书生攀高枝等虐甜交织的古代言情设定；②现代都市ABO世界观，呈现Alpha/Omega身份差下的强制爱、暗恋成真、校园霸总等年下或对立关系的情感攻防战；③主打完整版一口气看完体验，台词密度高、情节反转快，强调""嘴硬身体诚实""式人设反差萌和占有欲拉满的宠溺互动"
3493289648982685,看了不孬,1236,国创,国产原创相关,https://space.bilibili.com/3493289648982685,2026-05-01,19,25,1074.0,35.8,25500,42.12,67,0.26,1,"①专注双男主耽美向小说的AI动画改编，题材覆盖现代都市、古风、校园等多元场景；②大量采用ABO世界观设定，围绕Alpha、Omega之间的标记、信息素等元素展开情感叙事；③主打""一口气看完""的完结短剧形式，情节戏剧冲突强烈，包含包养、重生、反派养成等热门设定"
40440826,sp枪出如龙,1187,国创,国产原创相关,https://space.bilibili.com/40440826,2026-04-24,26,151,1058.0,35.27,20791,50.89,63,0.3,1,①现代情感虐文短剧，聚焦婚姻背叛、豪门真假千金、家庭矛盾等爽文反转剧情；②古装言情虐恋内容，以王府相府为背景呈现情感纠葛与身份错位；③高产出小说改编剧情向创作，月更37部保持稳定输出节奏
3546747588577729,零界能量,1327,知识,人文历史,https://space.bilibili.com/3546747588577729,2026-04-30,20,31,1036.0,34.53,15283,67.79,33,0.22,1,"①以虚构人物""阿紫""为核心IP，构建完整的天命叙事体系，混合传统命理（八字、紫微斗数、易经）与新时代灵性话语（高维能量、元神觉醒）；②针对2026年特定时间节点（如5月20日、丙午年癸巳月等）进行密集的能量解读和运势预警，营造""困龙局破解""、""火炼淬炼""等危机-转机叙事氛围。"
